{"v":"5.5.5","fr":30,"ip":0,"op":53,"w":150,"h":142,"nm":"Carrito","ddd":0,"assets":[],"layers":[{"ddd":0,"ind":2,"ty":4,"nm":"Ruedas 3","sr":1,"ks":{"o":{"a":0,"k":100,"ix":11},"r":{"a":0,"k":0,"ix":10},"p":{"a":1,"k":[{"i":{"x":0.667,"y":1},"o":{"x":1,"y":0},"t":28,"s":[100.25,107.25,0],"to":[0.75,0,0],"ti":[0.333,0,0]},{"i":{"x":0,"y":1},"o":{"x":0.333,"y":0},"t":35,"s":[104.75,107.25,0],"to":[-0.333,0,0],"ti":[0.75,0,0]},{"i":{"x":0,"y":1},"o":{"x":0.167,"y":0},"t":40,"s":[98.25,107.25,0],"to":[-0.75,0,0],"ti":[-0.333,0,0]},{"t":43,"s":[100.25,107.25,0]}],"ix":2},"a":{"a":0,"k":[31.25,83.25,0],"ix":1},"s":{"a":0,"k":[100,100,100],"ix":6}},"ao":0,"shapes":[{"ty":"gr","it":[{"ind":0,"ty":"sh","ix":1,"ks":{"a":0,"k":{"i":[[0,3.341],[-3.341,0],[0,-3.342],[3.341,0]],"o":[[0,-3.342],[3.341,0],[0,3.341],[-3.341,0]],"v":[[-6.044,0.051],[0.1,-6.093],[6.244,0.051],[0.1,6.194]],"c":true},"ix":2},"nm":"Trazado 1","mn":"ADBE Vector Shape - Group","hd":false},{"ty":"mm","mm":1,"nm":"Combinar trazados 1","mn":"ADBE Vector Filter - Merge","hd":false},{"ty":"tm","s":{"a":1,"k":[{"i":{"x":[0.833],"y":[0.833]},"o":{"x":[0.167],"y":[0.167]},"t":0,"s":[0]},{"i":{"x":[0.833],"y":[0.833]},"o":{"x":[0.167],"y":[0.167]},"t":6,"s":[42]},{"i":{"x":[0.833],"y":[0.833]},"o":{"x":[0.167],"y":[0.167]},"t":32,"s":[30]},{"t":38,"s":[0]}],"ix":1},"e":{"a":0,"k":100,"ix":2},"o":{"a":0,"k":140,"ix":3},"m":1,"ix":3,"nm":"Recortar trazados 1","mn":"ADBE Vector Filter - Trim","hd":false},{"ty":"st","c":{"a":0,"k":[1,0.266666680574,0.266666680574,1],"ix":3},"o":{"a":0,"k":100,"ix":4},"w":{"a":0,"k":5,"ix":5},"lc":2,"lj":2,"bm":0,"nm":"Trazo 1","mn":"ADBE Vector Graphic - Stroke","hd":false},{"ty":"tr","p":{"a":1,"k":[{"i":{"x":0.833,"y":0.833},"o":{"x":0.167,"y":0.167},"t":5,"s":[31.3,82.85],"to":[0,0.358],"ti":[0,0]},{"i":{"x":0.833,"y":0.833},"o":{"x":0.167,"y":0.167},"t":10.666,"s":[31.3,85],"to":[0,0],"ti":[0,0]},{"i":{"x":0.833,"y":0.833},"o":{"x":0.167,"y":0.167},"t":16.333,"s":[31.3,82.85],"to":[0,0],"ti":[0,0]},{"i":{"x":0.833,"y":0.833},"o":{"x":0.167,"y":0.167},"t":22,"s":[31.3,85],"to":[0,0],"ti":[0,0]},{"i":{"x":0.833,"y":0.833},"o":{"x":0.167,"y":0.167},"t":27.666,"s":[31.3,82.85],"to":[0,0],"ti":[0,0]},{"i":{"x":0.833,"y":0.833},"o":{"x":0.167,"y":0.167},"t":33.333,"s":[31.3,85],"to":[0,0],"ti":[0,0.358]},{"t":39,"s":[31.3,82.85]}],"ix":2},"a":{"a":0,"k":[0,0],"ix":1},"s":{"a":0,"k":[120.623,120.623],"ix":3},"r":{"a":1,"k":[{"i":{"x":[0.833],"y":[0.833]},"o":{"x":[0.167],"y":[0.167]},"t":0,"s":[0]},{"t":38,"s":[720]}],"ix":6},"o":{"a":0,"k":100,"ix":7},"sk":{"a":0,"k":0,"ix":4},"sa":{"a":0,"k":0,"ix":5},"nm":"Transformar"}],"nm":"Grupo 3","np":5,"cix":2,"bm":0,"ix":1,"mn":"ADBE Vector Group","hd":false}],"ip":0,"op":91,"st":0,"bm":0},{"ddd":0,"ind":3,"ty":4,"nm":"Ruedas","sr":1,"ks":{"o":{"a":0,"k":100,"ix":11},"r":{"a":0,"k":0,"ix":10},"p":{"a":1,"k":[{"i":{"x":0.667,"y":1},"o":{"x":0.964,"y":0},"t":28,"s":[56.75,107.25,0],"to":[-0.417,0,0],"ti":[-0.417,0,0]},{"i":{"x":0.057,"y":1},"o":{"x":0.333,"y":0},"t":35,"s":[54.25,107.25,0],"to":[0.417,0,0],"ti":[-0.417,0,0]},{"i":{"x":0.057,"y":1},"o":{"x":0.167,"y":0},"t":40,"s":[59.25,107.25,0],"to":[0.417,0,0],"ti":[0.417,0,0]},{"t":43,"s":[56.75,107.25,0]}],"ix":2},"a":{"a":0,"k":[31.25,83.25,0],"ix":1},"s":{"a":0,"k":[100,100,100],"ix":6}},"ao":0,"shapes":[{"ty":"gr","it":[{"ind":0,"ty":"sh","ix":1,"ks":{"a":0,"k":{"i":[[0,3.341],[-3.341,0],[0,-3.342],[3.341,0]],"o":[[0,-3.342],[3.341,0],[0,3.341],[-3.341,0]],"v":[[-6.044,0.051],[0.1,-6.093],[6.244,0.051],[0.1,6.194]],"c":true},"ix":2},"nm":"Trazado 1","mn":"ADBE Vector Shape - Group","hd":false},{"ty":"mm","mm":1,"nm":"Combinar trazados 1","mn":"ADBE Vector Filter - Merge","hd":false},{"ty":"tm","s":{"a":1,"k":[{"i":{"x":[0.833],"y":[0.833]},"o":{"x":[0.167],"y":[0.167]},"t":0,"s":[0]},{"i":{"x":[0.833],"y":[0.833]},"o":{"x":[0.167],"y":[0.167]},"t":6,"s":[30]},{"i":{"x":[0.833],"y":[0.833]},"o":{"x":[0.167],"y":[0.167]},"t":32,"s":[30]},{"t":38,"s":[0]}],"ix":1},"e":{"a":0,"k":100,"ix":2},"o":{"a":0,"k":0,"ix":3},"m":1,"ix":3,"nm":"Recortar trazados 1","mn":"ADBE Vector Filter - Trim","hd":false},{"ty":"st","c":{"a":0,"k":[1,0.266666680574,0.266666680574,1],"ix":3},"o":{"a":0,"k":100,"ix":4},"w":{"a":0,"k":5,"ix":5},"lc":2,"lj":2,"bm":0,"nm":"Trazo 1","mn":"ADBE Vector Graphic - Stroke","hd":false},{"ty":"tr","p":{"a":1,"k":[{"i":{"x":0.833,"y":0.833},"o":{"x":0.167,"y":0.167},"t":5,"s":[31.3,82.85],"to":[0,0.358],"ti":[0,0]},{"i":{"x":0.833,"y":0.833},"o":{"x":0.167,"y":0.167},"t":10.5,"s":[31.3,85],"to":[0,0],"ti":[0,0]},{"i":{"x":0.833,"y":0.833},"o":{"x":0.167,"y":0.167},"t":16,"s":[31.3,82.85],"to":[0,0],"ti":[0,0]},{"i":{"x":0.833,"y":0.833},"o":{"x":0.167,"y":0.167},"t":21.5,"s":[31.3,85],"to":[0,0],"ti":[0,0]},{"i":{"x":0.833,"y":0.833},"o":{"x":0.167,"y":0.167},"t":27,"s":[31.3,82.85],"to":[0,0],"ti":[0,0]},{"i":{"x":0.833,"y":0.833},"o":{"x":0.167,"y":0.167},"t":32.5,"s":[31.3,85],"to":[0,0],"ti":[0,0.358]},{"t":38,"s":[31.3,82.85]}],"ix":2},"a":{"a":0,"k":[0,0],"ix":1},"s":{"a":0,"k":[120.623,120.623],"ix":3},"r":{"a":1,"k":[{"i":{"x":[0.833],"y":[0.833]},"o":{"x":[0.167],"y":[0.167]},"t":0,"s":[0]},{"t":38,"s":[720]}],"ix":6},"o":{"a":0,"k":100,"ix":7},"sk":{"a":0,"k":0,"ix":4},"sa":{"a":0,"k":0,"ix":5},"nm":"Transformar"}],"nm":"Grupo 3","np":5,"cix":2,"bm":0,"ix":1,"mn":"ADBE Vector Group","hd":false}],"ip":0,"op":91,"st":0,"bm":0},{"ddd":0,"ind":4,"ty":4,"nm":"Carrito","sr":1,"ks":{"o":{"a":0,"k":100,"ix":11},"r":{"a":1,"k":[{"i":{"x":[0],"y":[1.001]},"o":{"x":[0.333],"y":[0]},"t":0,"s":[0]},{"i":{"x":[0.667],"y":[1]},"o":{"x":[1],"y":[-0.023]},"t":21,"s":[-16]},{"i":{"x":[0],"y":[0.77]},"o":{"x":[0.167],"y":[0]},"t":38,"s":[3]},{"t":50,"s":[0]}],"ix":10},"p":{"a":0,"k":[51,88.5,0],"ix":2},"a":{"a":0,"k":[25.5,64.5,0],"ix":1},"s":{"a":0,"k":[100,100,100],"ix":6}},"ao":0,"shapes":[{"ty":"gr","it":[{"ind":0,"ty":"sh","ix":1,"ks":{"a":0,"k":{"i":[[0,0],[4.101,0],[0,0],[0,0],[0,0]],"o":[[-1.1,3.9],[0,0],[0,0],[0,0],[0,0]],"v":[[37.5,7.95],[28.7,14.65],[-23.3,14.65],[-28.3,-14.45],[43.7,-14.45]],"c":true},"ix":2},"nm":"Trazado 1","mn":"ADBE Vector Shape - Group","hd":false},{"ind":1,"ty":"sh","ix":2,"ks":{"a":0,"k":{"i":[[0.401,0.6],[0.701,0],[0,0],[0,0],[4.5,0],[0,0],[0,-1.3],[-1.3,0],[0,0],[-0.4,-2.2],[0,0],[-6.7,0],[0,0],[0,1.299],[1.301,0],[0,0],[0.8,4.401],[0,0],[0,0],[-1.699,5.9],[0,0]],"o":[[-0.399,-0.6],[0,0],[0,0],[-0.7,-4.4],[0,0],[-1.3,0],[0,1.3],[0,0],[2.201,0],[0,0],[1.1,6.601],[0,0],[1.301,0],[0,-1.301],[0,0],[-4.4,0],[0,0],[0,0],[6.099,0],[0,0],[0.099,-0.7]],"v":[[48.7,-18.15],[46.9,-19.05],[-28.899,-19.05],[-30.1,-25.75],[-39.1,-33.35],[-46.8,-33.35],[-49.1,-31.05],[-46.8,-28.75],[-39.1,-28.75],[-34.6,-24.95],[-26.6,21.95],[-13.1,33.35],[33.5,33.35],[35.801,31.051],[33.5,28.75],[-13.1,28.75],[-22.1,21.15],[-22.399,19.25],[28.801,19.25],[42,9.25],[49.101,-16.15]],"c":true},"ix":2},"nm":"Trazado 2","mn":"ADBE Vector Shape - Group","hd":false},{"ty":"mm","mm":1,"nm":"Combinar trazados 1","mn":"ADBE Vector Filter - Merge","hd":false},{"ty":"mm","mm":4,"nm":"Combinar trazados 2","mn":"ADBE Vector Filter - Merge","hd":false},{"ty":"fl","c":{"a":0,"k":[1,0.26699999641,0.26699999641,1],"ix":4},"o":{"a":0,"k":100,"ix":5},"r":1,"bm":0,"nm":"Relleno 1","mn":"ADBE Vector Graphic - Fill","hd":false},{"ty":"tr","p":{"a":0,"k":[49.1,33.35],"ix":2},"a":{"a":0,"k":[0,0],"ix":1},"s":{"a":0,"k":[100,100],"ix":3},"r":{"a":0,"k":0,"ix":6},"o":{"a":0,"k":100,"ix":7},"sk":{"a":0,"k":0,"ix":4},"sa":{"a":0,"k":0,"ix":5},"nm":"Transformar"}],"nm":"Grupo 1","np":5,"cix":2,"bm":0,"ix":1,"mn":"ADBE Vector Group","hd":false}],"ip":0,"op":91,"st":0,"bm":0}],"markers":[]}