{"v":"5.5.7","fr":30,"ip":46.0000018736184,"op":80,"w":100,"h":100,"nm":"Comp 1","ddd":0,"assets":[],"fonts":{"list":[{"fName":"Arial-Black","fFamily":"Arial Black","fStyle":"Regular","ascent":71.5988159179688}]},"layers":[{"ddd":0,"ind":1,"ty":5,"nm":"NEXT","sr":1,"ks":{"o":{"a":0,"k":100,"ix":11},"r":{"a":0,"k":0,"ix":10},"p":{"a":1,"k":[{"i":{"x":0.667,"y":0.667},"o":{"x":0.333,"y":0.333},"t":30,"s":[49.1486,45.796,0],"to":[0,0,0],"ti":[0,0,0]},{"i":{"x":0.667,"y":1},"o":{"x":1,"y":0.08},"t":46,"s":[49.1486,45.796,0],"to":[3.997,3.162,0],"ti":[-2.497,-1.162,0]},{"i":{"x":0,"y":1},"o":{"x":0.333,"y":0},"t":62,"s":[51.547,47.692899999999995,0],"to":[2.497,1.162,0],"ti":[1.5,2,0]},{"t":78.0000031770051,"s":[50.647000000000006,46.4929,0]}],"ix":2},"a":{"a":0,"k":[0,0,0],"ix":1},"s":{"a":0,"k":[10,12.5,100],"ix":6}},"ao":0,"t":{"d":{"k":[{"s":{"s":181,"f":"Arial-Black","t":"NEXT","j":2,"tr":-43,"lh":217.2,"ls":0,"fc":[1,0.945,0.753]},"t":0}]},"p":{},"m":{"g":1,"a":{"a":0,"k":[0,0],"ix":2}},"a":[]},"ip":0,"op":120.0000048877,"st":0,"bm":0},{"ddd":0,"ind":2,"ty":4,"nm":"surface","sr":1,"ks":{"o":{"a":0,"k":100,"ix":11},"r":{"a":0,"k":0,"ix":10},"p":{"a":0,"k":[56.99999999999999,37.05,0],"ix":2},"a":{"a":0,"k":[0,0,0],"ix":1},"s":{"a":0,"k":[10,12.5,100],"ix":6}},"ao":0,"shapes":[{"ty":"gr","it":[{"ind":0,"ty":"sh","ix":1,"ks":{"a":1,"k":[{"i":{"x":0.667,"y":1},"o":{"x":1,"y":0},"t":30,"s":[{"i":[[0,0],[79.5,0],[0,0],[0,-80],[0,0],[-79,0],[0,0],[0,0]],"o":[[0,0],[-79.5,0],[0,0],[0,80],[0,0],[79,0],[0,0],[0,-80]],"v":[[160,-141],[-319.5,-141],[-401,-59.5],[-399,99],[-319,179],[160,180],[241,99],[240,-60]],"c":true}]},{"i":{"x":0.667,"y":1},"o":{"x":1,"y":0},"t":46,"s":[{"i":[[0,0],[79.5,0],[0,0],[0,-80],[0,0],[-79,0],[0,0],[0,0]],"o":[[0,0],[-79.5,0],[0,0],[0,80],[0,0],[79,0],[0,0],[0,-80]],"v":[[160,-141],[-319.5,-141],[-401,-59.5],[-399,99],[-319,179],[160,180],[241,99],[240,-60]],"c":true}]},{"i":{"x":0,"y":1},"o":{"x":0.333,"y":0},"t":62,"s":[{"i":[[0,0],[79.5,0],[0,0],[0,-80],[0,0],[-79,0],[0,0],[0,0]],"o":[[0,0],[-79.5,0],[0,0],[0,80],[0,0],[79,0],[0,0],[0,-80]],"v":[[180,-121],[-299.5,-121],[-381,-39.5],[-379,119],[-299,199],[180,200],[261,119],[260,-40]],"c":true}]},{"t":78.0000031770051,"s":[{"i":[[0,0],[79.5,0],[0,0],[0,-80],[0,0],[-79,0],[0,0],[0,0]],"o":[[0,0],[-79.5,0],[0,0],[0,80],[0,0],[79,0],[0,0],[0,-80]],"v":[[170,-131],[-309.5,-131],[-391,-49.5],[-389,109],[-309,189],[170,190],[251,109],[250,-50]],"c":true}]}],"ix":2},"nm":"Path 1","mn":"ADBE Vector Shape - Group","hd":false},{"ty":"fl","c":{"a":0,"k":[1,0.399999970081,0.399999970081,1],"ix":4},"o":{"a":0,"k":100,"ix":5},"r":1,"bm":0,"nm":"Fill 1","mn":"ADBE Vector Graphic - Fill","hd":false},{"ty":"tr","p":{"a":0,"k":[0,0],"ix":2},"a":{"a":0,"k":[0,0],"ix":1},"s":{"a":0,"k":[100,100],"ix":3},"r":{"a":0,"k":0,"ix":6},"o":{"a":0,"k":100,"ix":7},"sk":{"a":0,"k":0,"ix":4},"sa":{"a":0,"k":0,"ix":5},"nm":"Transform"}],"nm":"Shape 1","np":3,"cix":2,"bm":0,"ix":1,"mn":"ADBE Vector Group","hd":false}],"ip":0,"op":120.0000048877,"st":0,"bm":0},{"ddd":0,"ind":3,"ty":4,"nm":"walls 2","sr":1,"ks":{"o":{"a":0,"k":100,"ix":11},"r":{"a":0,"k":0,"ix":10},"p":{"a":0,"k":[61,41.050000000000004,0],"ix":2},"a":{"a":0,"k":[0,0,0],"ix":1},"s":{"a":0,"k":[10,12.5,100],"ix":6}},"ao":0,"shapes":[{"ty":"gr","it":[{"ind":0,"ty":"sh","ix":1,"ks":{"a":1,"k":[{"i":{"x":0.667,"y":1},"o":{"x":1,"y":0},"t":30,"s":[{"i":[[0,0],[79.5,0],[0,0],[0,-80],[-13.803,-18.846],[-7.853,-6.21],[0,0],[-79,0],[0,0],[0,0],[11.657,11.996],[19.893,19.427]],"o":[[0,0],[-79.5,0],[0,0],[0,14.442],[15.954,21.783],[23.262,18.397],[0,0],[79,0],[0,0],[0,-26.374],[-10.796,-11.11],[-24.34,-14.728]],"v":[[120,-180.5],[-360.5,-180.5],[-442,-99],[-440,59.5],[-426.954,104.467],[-372.29,160.603],[-319,179],[160,180],[241,99],[240,-60],[219.648,-116.158],[174.857,-160.427]],"c":true}]},{"i":{"x":0.667,"y":1},"o":{"x":1,"y":0},"t":46,"s":[{"i":[[0,0],[79.5,0],[0,0],[0,-80],[-13.803,-18.846],[-7.853,-6.21],[0,0],[-79,0],[0,0],[0,0],[11.657,11.996],[19.893,19.427]],"o":[[0,0],[-79.5,0],[0,0],[0,14.442],[15.954,21.783],[23.262,18.397],[0,0],[79,0],[0,0],[0,-26.374],[-10.796,-11.11],[-24.34,-14.728]],"v":[[120,-180.5],[-360.5,-180.5],[-442,-99],[-440,59.5],[-426.954,104.467],[-372.29,160.603],[-319,179],[160,180],[241,99],[240,-60],[219.648,-116.158],[174.857,-160.427]],"c":true}]},{"i":{"x":0,"y":1},"o":{"x":0.333,"y":0},"t":62,"s":[{"i":[[0,0],[79.5,0],[0,0],[0,-80],[-13.803,-18.846],[-7.853,-6.21],[0,0],[-79,0],[0,0],[0,0],[11.657,11.996],[19.893,19.427]],"o":[[0,0],[-79.5,0],[0,0],[0,14.442],[15.954,21.783],[23.262,18.397],[0,0],[79,0],[0,0],[0,-26.374],[-10.796,-11.11],[-24.34,-14.728]],"v":[[120,-160.5],[-340.5,-160.5],[-422,-79],[-420,59.5],[-406.954,125.467],[-372.29,160.603],[-319,179],[160,180],[241,99],[240,-60],[219.648,-116.158],[179.857,-150.427]],"c":true}]},{"t":78.0000031770051,"s":[{"i":[[0,0],[79.5,0],[0,0],[0,-80],[-13.803,-18.846],[-7.853,-6.21],[0,0],[-79,0],[0,0],[0,0],[11.657,11.996],[19.893,19.427]],"o":[[0,0],[-79.5,0],[0,0],[0,14.442],[15.954,21.783],[23.262,18.397],[0,0],[79,0],[0,0],[0,-26.374],[-10.796,-11.11],[-24.34,-14.728]],"v":[[120,-170.5],[-350.5,-170.5],[-432,-89],[-430,59.5],[-416.954,114.967],[-372.29,160.603],[-319,179],[160,180],[241,99],[240,-60],[219.648,-116.158],[177.357,-155.427]],"c":true}]}],"ix":2},"nm":"Path 1","mn":"ADBE Vector Shape - Group","hd":false},{"ty":"fl","c":{"a":0,"k":[0.8,0.04078431223,0.04078431223,1],"ix":4},"o":{"a":0,"k":100,"ix":5},"r":1,"bm":0,"nm":"Fill 1","mn":"ADBE Vector Graphic - Fill","hd":false},{"ty":"tr","p":{"a":0,"k":[0,0],"ix":2},"a":{"a":0,"k":[0,0],"ix":1},"s":{"a":0,"k":[100,100],"ix":3},"r":{"a":0,"k":0,"ix":6},"o":{"a":0,"k":100,"ix":7},"sk":{"a":0,"k":0,"ix":4},"sa":{"a":0,"k":0,"ix":5},"nm":"Transform"}],"nm":"Shape 1","np":3,"cix":2,"bm":0,"ix":1,"mn":"ADBE Vector Group","hd":false}],"ip":0,"op":120.0000048877,"st":0,"bm":0},{"ddd":0,"ind":4,"ty":4,"nm":"shadow","sr":1,"ks":{"o":{"a":0,"k":25,"ix":11},"r":{"a":0,"k":0,"ix":10},"p":{"a":0,"k":[61,41.03659999999999,0],"ix":2},"a":{"a":0,"k":[0,0,0],"ix":1},"s":{"a":0,"k":[10,11.283875,100],"ix":6}},"ao":0,"shapes":[{"ty":"gr","it":[{"ind":0,"ty":"sh","ix":1,"ks":{"a":1,"k":[{"i":{"x":0.667,"y":1},"o":{"x":1,"y":0},"t":30,"s":[{"i":[[0,0],[79.5,0],[0,0],[0,-80],[-6.094,-7.943],[0,0],[-79,0],[0,0],[0,0],[9.723,13.611],[22.686,28.036]],"o":[[0,0],[-79.5,0],[0,0],[0,14.442],[53.554,69.801],[0,0],[60.77,6.647],[0,0],[0,-26.374],[-10.607,-14.848],[-44.465,-58.093]],"v":[[73.546,-240.596],[-368.032,-240.804],[-440.103,-147.742],[-440,43.991],[-403.106,110.199],[-293.703,179.095],[160,180],[221.683,96.23],[220.683,-62.769],[200.331,-118.928],[150.711,-187.291]],"c":true}]},{"i":{"x":0.667,"y":1},"o":{"x":1,"y":0},"t":46,"s":[{"i":[[0,0],[79.5,0],[0,0],[0,-80],[-6.094,-7.943],[0,0],[-79,0],[0,0],[0,0],[9.723,13.611],[22.686,28.036]],"o":[[0,0],[-79.5,0],[0,0],[0,14.442],[53.554,69.801],[0,0],[60.77,6.647],[0,0],[0,-26.374],[-10.607,-14.848],[-44.465,-58.093]],"v":[[73.546,-240.596],[-368.032,-240.804],[-440.103,-147.742],[-440,43.991],[-403.106,110.199],[-293.703,179.095],[160,180],[221.683,96.23],[220.683,-62.769],[200.331,-118.928],[150.711,-187.291]],"c":true}]},{"i":{"x":0,"y":1},"o":{"x":0.333,"y":0},"t":62,"s":[{"i":[[0,0],[79.5,0],[0,0],[0,-80],[-5.889,-8.096],[0,0],[-79,0],[0,0],[0,0],[9.723,13.611],[22.686,28.036]],"o":[[0,0],[-79.5,0],[0,0],[0,14.442],[25.498,35.054],[0,0],[69.969,-0.245],[0,0],[0,-26.374],[-10.607,-14.848],[-23.768,-33.574]],"v":[[91.944,-218.441],[-349.634,-218.649],[-421.705,-125.586],[-421.603,66.146],[-384.709,132.354],[-300.143,166.759],[111.706,167.654],[191.787,88.476],[190.787,-70.524],[174.114,-155.484],[152.55,-185.075]],"c":true}]},{"t":78.0000031770051,"s":[{"i":[[0,0],[79.5,0],[0,0],[0,-80],[-5.992,-8.02],[0,0],[-79,0],[0,0],[0,0],[9.723,13.611],[22.686,28.036]],"o":[[0,0],[-79.5,0],[0,0],[0,14.442],[39.526,52.428],[0,0],[65.37,3.201],[0,0],[0,-26.374],[-10.607,-14.848],[-34.116,-45.833]],"v":[[82.745,-229.519],[-358.833,-229.727],[-430.904,-136.664],[-430.801,55.069],[-393.908,121.277],[-296.923,172.927],[135.853,173.827],[206.735,92.353],[205.735,-66.647],[187.223,-137.206],[151.63,-186.183]],"c":true}]}],"ix":2},"nm":"Path 1","mn":"ADBE Vector Shape - Group","hd":false},{"ty":"fl","c":{"a":0,"k":[0,0,0,1],"ix":4},"o":{"a":0,"k":100,"ix":5},"r":1,"bm":0,"nm":"Fill 1","mn":"ADBE Vector Graphic - Fill","hd":false},{"ty":"tr","p":{"a":0,"k":[40,41],"ix":2},"a":{"a":0,"k":[0,0],"ix":1},"s":{"a":0,"k":[108.71,100],"ix":3},"r":{"a":0,"k":0,"ix":6},"o":{"a":0,"k":100,"ix":7},"sk":{"a":0,"k":0,"ix":4},"sa":{"a":0,"k":0,"ix":5},"nm":"Transform"}],"nm":"Shape 1","np":3,"cix":2,"bm":0,"ix":1,"mn":"ADBE Vector Group","hd":false}],"ip":0,"op":120.0000048877,"st":0,"bm":0}],"markers":[],"chars":[{"ch":"N","size":181,"style":"Regular","w":83.3,"data":{"shapes":[{"ty":"gr","it":[{"ind":0,"ty":"sh","ix":1,"ks":{"a":0,"k":{"i":[[0,0],[0,0],[0,0],[0,0],[0,0],[0,0],[0,0],[0,0],[0,0],[0,0]],"o":[[0,0],[0,0],[0,0],[0,0],[0,0],[0,0],[0,0],[0,0],[0,0],[0,0]],"v":[[7.471,0],[28.271,0],[28.271,-39.304],[55.078,0],[75.928,0],[75.928,-71.582],[55.078,-71.582],[55.078,-31.979],[28.125,-71.582],[7.471,-71.582]],"c":true},"ix":2},"nm":"N","mn":"ADBE Vector Shape - Group","hd":false}],"nm":"N","np":3,"cix":2,"bm":0,"ix":1,"mn":"ADBE Vector Group","hd":false}]},"fFamily":"Arial Black"},{"ch":"E","size":181,"style":"Regular","w":72.22,"data":{"shapes":[{"ty":"gr","it":[{"ind":0,"ty":"sh","ix":1,"ks":{"a":0,"k":{"i":[[0,0],[0,0],[0,0],[0,0],[0,0],[0,0],[0,0],[0,0],[0,0],[0,0],[0,0],[0,0]],"o":[[0,0],[0,0],[0,0],[0,0],[0,0],[0,0],[0,0],[0,0],[0,0],[0,0],[0,0],[0,0]],"v":[[7.275,0],[67.627,0],[67.627,-16.211],[29.443,-16.211],[29.443,-30.322],[63.867,-30.322],[63.867,-44.922],[29.443,-44.922],[29.443,-56.299],[66.553,-56.299],[66.553,-71.582],[7.275,-71.582]],"c":true},"ix":2},"nm":"E","mn":"ADBE Vector Shape - Group","hd":false}],"nm":"E","np":3,"cix":2,"bm":0,"ix":1,"mn":"ADBE Vector Group","hd":false}]},"fFamily":"Arial Black"},{"ch":"X","size":181,"style":"Regular","w":77.78,"data":{"shapes":[{"ty":"gr","it":[{"ind":0,"ty":"sh","ix":1,"ks":{"a":0,"k":{"i":[[0,0],[0,0],[0,0],[0,0],[0,0],[0,0],[0,0],[0,0],[0,0],[0,0],[0,0],[0,0]],"o":[[0,0],[0,0],[0,0],[0,0],[0,0],[0,0],[0,0],[0,0],[0,0],[0,0],[0,0],[0,0]],"v":[[24.887,-37.305],[0.195,0],[24.902,0],[39.038,-22.998],[53.174,0],[78.027,0],[53.648,-36.914],[75.928,-71.582],[51.807,-71.582],[39.478,-49.561],[26.807,-71.582],[2.441,-71.582]],"c":true},"ix":2},"nm":"X","mn":"ADBE Vector Shape - Group","hd":false}],"nm":"X","np":3,"cix":2,"bm":0,"ix":1,"mn":"ADBE Vector Group","hd":false}]},"fFamily":"Arial Black"},{"ch":"T","size":181,"style":"Regular","w":72.22,"data":{"shapes":[{"ty":"gr","it":[{"ind":0,"ty":"sh","ix":1,"ks":{"a":0,"k":{"i":[[0,0],[0,0],[0,0],[0,0],[0,0],[0,0],[0,0],[0,0]],"o":[[0,0],[0,0],[0,0],[0,0],[0,0],[0,0],[0,0],[0,0]],"v":[[2.295,-53.906],[24.854,-53.906],[24.854,0],[46.973,0],[46.973,-53.906],[69.531,-53.906],[69.531,-71.582],[2.295,-71.582]],"c":true},"ix":2},"nm":"T","mn":"ADBE Vector Shape - Group","hd":false}],"nm":"T","np":3,"cix":2,"bm":0,"ix":1,"mn":"ADBE Vector Group","hd":false}]},"fFamily":"Arial Black"}]}