{
  "v": "5.7.4",
  "fr": 60,
  "ip": 0,
  "op": 60,
  "w": 60,
  "h": 60,
  "nm": "loading",
  "ddd": 0,
  "assets": [],
  "layers": [
    {
      "ddd": 0,
      "ind": 1,
      "ty": 4,
      "nm": "loading Outlines",
      "sr": 1,
      "ks": {
        "o": {
          "a": 0,
          "k": 100,
          "ix": 11
        },
        "r": {
          "a": 1,
          "k": [
            {
              "i": {
                "x": [
                  0.833
                ],
                "y": [
                  0.833
                ]
              },
              "o": {
                "x": [
                  0.167
                ],
                "y": [
                  0.167
                ]
              },
              "t": 0,
              "s": [
                0
              ]
            },
            {
              "t": 60,
              "s": [
                -360
              ]
            }
          ],
          "ix": 10
        },
        "p": {
          "a": 0,
          "k": [
            30,
            30,
            0
          ],
          "ix": 2,
          "l": 2
        },
        "a": {
          "a": 0,
          "k": [
            30,
            30,
            0
          ],
          "ix": 1,
          "l": 2
        },
        "s": {
          "a": 0,
          "k": [
            100,
            100,
            100
          ],
          "ix": 6,
          "l": 2
        }
      },
      "ao": 0,
      "shapes": [
        {
          "ty": "gr",
          "it": [
            {
              "ind": 0,
              "ty": "sh",
              "ix": 1,
              "ks": {
                "a": 0,
                "k": {
                  "i": [
                    [
                      -1.484,
                      0.041
                    ],
                    [
                      -1.71,
                      -0.509
                    ],
                    [
                      -1.45,
                      -1.022
                    ],
                    [
                      -1.079,
                      -1.383
                    ],
                    [
                      -0.623,
                      -1.621
                    ],
                    [
                      -0.129,
                      -1.709
                    ],
                    [
                      0.381,
                      -1.656
                    ],
                    [
                      0.843,
                      -1.451
                    ],
                    [
                      1.203,
                      -1.139
                    ],
                    [
                      1.465,
                      -0.726
                    ],
                    [
                      1.592,
                      -0.265
                    ],
                    [
                      1.578,
                      0.203
                    ],
                    [
                      1.426,
                      0.666
                    ],
                    [
                      1.151,
                      1.037
                    ],
                    [
                      0.793,
                      1.301
                    ],
                    [
                      0.376,
                      1.449
                    ],
                    [
                      -0.049,
                      1.472
                    ],
                    [
                      -0.494,
                      -1.365
                    ],
                    [
                      -0.852,
                      -1.145
                    ],
                    [
                      -1.122,
                      -0.84
                    ],
                    [
                      -1.289,
                      -0.48
                    ],
                    [
                      -1.351,
                      -0.087
                    ],
                    [
                      -1.294,
                      0.318
                    ],
                    [
                      -1.124,
                      0.678
                    ],
                    [
                      -0.882,
                      0.943
                    ],
                    [
                      -0.557,
                      1.14
                    ],
                    [
                      -0.202,
                      1.231
                    ],
                    [
                      0.161,
                      1.222
                    ],
                    [
                      0.52,
                      1.095
                    ],
                    [
                      0.797,
                      0.89
                    ],
                    [
                      0.988,
                      0.633
                    ],
                    [
                      1.107,
                      0.36
                    ],
                    [
                      1.182,
                      0.12
                    ],
                    [
                      0,
                      0
                    ],
                    [
                      -0.167,
                      1.647
                    ]
                  ],
                  "o": [
                    [
                      1.762,
                      -0.051
                    ],
                    [
                      1.698,
                      0.538
                    ],
                    [
                      1.438,
                      1.039
                    ],
                    [
                      1.049,
                      1.407
                    ],
                    [
                      0.6,
                      1.634
                    ],
                    [
                      0.075,
                      1.713
                    ],
                    [
                      -0.419,
                      1.646
                    ],
                    [
                      -0.868,
                      1.437
                    ],
                    [
                      -1.232,
                      1.111
                    ],
                    [
                      -1.483,
                      0.701
                    ],
                    [
                      -1.601,
                      0.228
                    ],
                    [
                      -1.573,
                      -0.258
                    ],
                    [
                      -1.415,
                      -0.687
                    ],
                    [
                      -1.13,
                      -1.062
                    ],
                    [
                      -0.769,
                      -1.318
                    ],
                    [
                      -0.35,
                      -1.462
                    ],
                    [
                      0.118,
                      1.472
                    ],
                    [
                      0.522,
                      1.355
                    ],
                    [
                      0.878,
                      1.126
                    ],
                    [
                      1.147,
                      0.81
                    ],
                    [
                      1.302,
                      0.454
                    ],
                    [
                      1.358,
                      0.033
                    ],
                    [
                      1.286,
                      -0.357
                    ],
                    [
                      1.112,
                      -0.7
                    ],
                    [
                      0.851,
                      -0.974
                    ],
                    [
                      0.536,
                      -1.156
                    ],
                    [
                      0.164,
                      -1.241
                    ],
                    [
                      -0.215,
                      -1.215
                    ],
                    [
                      -0.544,
                      -1.083
                    ],
                    [
                      -0.823,
                      -0.868
                    ],
                    [
                      -1.013,
                      -0.6
                    ],
                    [
                      -1.116,
                      -0.336
                    ],
                    [
                      0,
                      0
                    ],
                    [
                      -1.647,
                      -0.166
                    ],
                    [
                      0.154,
                      -1.516
                    ]
                  ],
                  "v": [
                    [
                      -1.204,
                      -17.146
                    ],
                    [
                      4.055,
                      -16.488
                    ],
                    [
                      8.826,
                      -14.152
                    ],
                    [
                      12.605,
                      -10.48
                    ],
                    [
                      15.117,
                      -5.908
                    ],
                    [
                      16.178,
                      -0.855
                    ],
                    [
                      15.732,
                      4.221
                    ],
                    [
                      13.85,
                      8.902
                    ],
                    [
                      10.725,
                      12.785
                    ],
                    [
                      6.647,
                      15.54
                    ],
                    [
                      1.999,
                      16.969
                    ],
                    [
                      -2.792,
                      16.984
                    ],
                    [
                      -7.322,
                      15.624
                    ],
                    [
                      -11.195,
                      13.029
                    ],
                    [
                      -14.09,
                      9.465
                    ],
                    [
                      -15.796,
                      5.282
                    ],
                    [
                      -16.204,
                      0.855
                    ],
                    [
                      -15.318,
                      5.135
                    ],
                    [
                      -13.26,
                      8.91
                    ],
                    [
                      -10.243,
                      11.87
                    ],
                    [
                      -6.566,
                      13.8
                    ],
                    [
                      -2.557,
                      14.577
                    ],
                    [
                      1.443,
                      14.161
                    ],
                    [
                      5.085,
                      12.624
                    ],
                    [
                      8.078,
                      10.137
                    ],
                    [
                      10.197,
                      6.948
                    ],
                    [
                      11.279,
                      3.34
                    ],
                    [
                      11.264,
                      -0.376
                    ],
                    [
                      10.188,
                      -3.863
                    ],
                    [
                      8.174,
                      -6.84
                    ],
                    [
                      5.432,
                      -9.081
                    ],
                    [
                      2.243,
                      -10.508
                    ],
                    [
                      -1.204,
                      -11.146
                    ],
                    [
                      -1.421,
                      -11.167
                    ],
                    [
                      -4.1,
                      -14.452
                    ]
                  ],
                  "c": true
                },
                "ix": 2
              },
              "nm": "Path 1",
              "mn": "ADBE Vector Shape - Group",
              "hd": false
            },
            {
              "ty": "fl",
              "c": {
                "a": 0,
                "k": [
                  0,
                  0,
                  0,
                  1
                ],
                "ix": 4
              },
              "o": {
                "a": 0,
                "k": 100,
                "ix": 5
              },
              "r": 1,
              "bm": 0,
              "nm": "Fill 1",
              "mn": "ADBE Vector Graphic - Fill",
              "hd": false
            },
            {
              "ty": "tr",
              "p": {
                "a": 0,
                "k": [
                  31.205,
                  29.146
                ],
                "ix": 2
              },
              "a": {
                "a": 0,
                "k": [
                  0,
                  0
                ],
                "ix": 1
              },
              "s": {
                "a": 0,
                "k": [
                  100,
                  100
                ],
                "ix": 3
              },
              "r": {
                "a": 0,
                "k": 0,
                "ix": 6
              },
              "o": {
                "a": 0,
                "k": 100,
                "ix": 7
              },
              "sk": {
                "a": 0,
                "k": 0,
                "ix": 4
              },
              "sa": {
                "a": 0,
                "k": 0,
                "ix": 5
              },
              "nm": "Transform"
            }
          ],
          "nm": "Group 1",
          "np": 2,
          "cix": 2,
          "bm": 0,
          "ix": 1,
          "mn": "ADBE Vector Group",
          "hd": false
        },
        {
          "ty": "gr",
          "it": [
            {
              "ind": 0,
              "ty": "sh",
              "ix": 1,
              "ks": {
                "a": 0,
                "k": {
                  "i": [
                    [
                      0,
                      0
                    ],
                    [
                      0,
                      -8.284
                    ],
                    [
                      8.284,
                      0
                    ],
                    [
                      0,
                      8.284
                    ]
                  ],
                  "o": [
                    [
                      8.284,
                      0
                    ],
                    [
                      0,
                      8.284
                    ],
                    [
                      -8.284,
                      0
                    ],
                    [
                      0,
                      0
                    ]
                  ],
                  "v": [
                    [
                      0,
                      -15
                    ],
                    [
                      15,
                      0
                    ],
                    [
                      0,
                      15
                    ],
                    [
                      -15,
                      0
                    ]
                  ],
                  "c": false
                },
                "ix": 2
              },
              "nm": "Path 1",
              "mn": "ADBE Vector Shape - Group",
              "hd": false
            },
            {
              "ty": "tr",
              "p": {
                "a": 0,
                "k": [
                  30,
                  30
                ],
                "ix": 2
              },
              "a": {
                "a": 0,
                "k": [
                  0,
                  0
                ],
                "ix": 1
              },
              "s": {
                "a": 0,
                "k": [
                  100,
                  100
                ],
                "ix": 3
              },
              "r": {
                "a": 0,
                "k": 0,
                "ix": 6
              },
              "o": {
                "a": 0,
                "k": 100,
                "ix": 7
              },
              "sk": {
                "a": 0,
                "k": 0,
                "ix": 4
              },
              "sa": {
                "a": 0,
                "k": 0,
                "ix": 5
              },
              "nm": "Transform"
            }
          ],
          "nm": "Group 2",
          "np": 1,
          "cix": 2,
          "bm": 0,
          "ix": 2,
          "mn": "ADBE Vector Group",
          "hd": false
        }
      ],
      "ip": 0,
      "op": 60,
      "st": 0,
      "bm": 0
    }
  ],
  "markers": []
}